{
  "rules": {
    "class-name": true,
    "curly": false,
    "eofline": true,
    "indent": "spaces",
    "max-line-length": [true, 140],
    "member-ordering": [true,
      "public-before-private",
      "static-before-instance",
      "variables-before-functions"
    ],
    "no-arg": true,
    "no-construct": true,
    "no-duplicate-key": true,
    "no-duplicate-variable": true,
    "no-empty": true,
    "no-eval": true,
    "no-trailing-comma": true,
    "no-trailing-whitespace": true,
    "no-unused-expression": true,
    "no-unused-variable": true,
    "no-unreachable": true,
    "no-use-before-declare": true,
    "one-line": [true,
      "check-open-brace",
      "check-catch",
      "check-else",
      "check-whitespace"
    ],
    "quotemark": [true, "single"],
    "semicolon": true,
    "triple-equals": true,
    "variable-name": false
  }
}
